SYMBOL,ISIN
1018GS2026,IN0020010081
20MICRONS,INE144J01027
21STCENMGM,INE253B01015
3IINFOTECH,INE748C01020
3MINDIA,INE470A01017
3PLAND,INE105C01023
448GS2023,IN0020200211
5PAISA,INE618L01018
63MOONS,INE111B01023
645GS2029,IN0020190362
716GS2050,IN0020200054
719GS2060,IN0020200039
757GS2033,IN0020190065
762GS2039,IN0020190024
772GS2049,IN0020190032
A2ZINFRA,INE619I01012
AAKASH,INE087Z01016
AARON,INE721Z01010
AARTIDRUGS,INE767A01016
AARTIIND,INE769A01020
AARTISURF,INE09EO01013
AARVEEDEN,INE273D01019
AARVI,INE754X01016
AAVAS,INE216P01012
ABAN,INE421A01028
ABB,INE117A01022
ABBOTINDIA,INE358A01014
ABCAPITAL,INE674K01013
ABFRL,INE647O01011
ABFRLPP1,IN9647O01027
ABMINTLTD,INE251C01017
ABSLBANETF,INF209KB1O58
ABSLNN50ET,INF209KB1B87
ABSLRIF6RG,INF209KB1LL4
ACC,INE012A01025
ACCELYA,INE793A01012
ACCURACY,INE648Z01015
ACE,INE731H01025
ACRYSIL,INE482D01024
ADANIENT,INE423A01024
ADANIGREEN,INE364U01010
ADANIPORTS,INE742F01042
ADANIPOWER,INE814H01011
ADANITRANS,INE931S01010
ADFFOODS,INE982B01019
ADHUNIKIND,INE452L01012
ADL,INE0CHO01012
ADORWELD,INE045A01017
ADROITINFO,INE737B01033
ADSL,INE102I01027
ADVANIHOTR,INE199C01026
ADVENZYMES,INE837H01020
AEGISCHEM,INE208C01025
AFFLE,INE00WC01019
AGARIND,INE204E01012
AGCNET,INE676A01019
AGRITECH,INE449G01018
AGROPHOS,INE740V01019
AHLADA,INE00PV01013
AHLEAST,INE926K01017
AHLUCONT,INE758C01029
AHLWEST,INE915K01010
AIAENG,INE212H01026
AIRAN,INE645W01026
AISL,INE635Y01015
AJANTPHARM,INE031B01049
AJMERA,INE298G01027
AJOONI,INE820Y01013
AKASH,INE737W01013
AKG,INE00Y801016
AKSHARCHEM,INE542B01011
AKSHOPTFBR,INE523B01011
AKZOINDIA,INE133A01011
ALANKIT,INE914E01040
ALBERTDAVD,INE155C01010
ALCHEM,INE964B01033
ALEMBICLTD,INE426A01027
ALICON,INE062D01024
ALKALI,INE773I01017
ALKEM,INE540L01014
ALKYLAMINE,INE150B01021
ALLCARGO,INE418H01029
ALLSEC,INE835G01018
ALMONDZ,INE326B01027
ALOKINDS,INE270A01029
ALPA,INE385I01010
ALPHAGEO,INE137C01018
ALPSINDUS,INE093B01015
AMARAJABAT,INE885A01032
AMBANIORG,INE00C501018
AMBER,INE371P01015
AMBICAAGAR,INE792B01012
AMBIKCO,INE540G01014
AMBUJACEM,INE079A01024
AMDIND,INE005I01014
AMJLAND,INE606A01024
AMRUTANJAN,INE098F01031
ANANTRAJ,INE242C01024
ANDHRACEMT,INE666E01012
ANDHRAPAP,INE435A01028
ANDHRSUGAR,INE715B01013
ANGELBRKG,INE732I01013
ANIKINDS,INE087B01017
ANKITMETAL,INE106I01010
ANSALAPI,INE436A01026
ANSALHSG,INE880B01015
ANTGRAPHIC,INE414B01021
ANUP,INE294Z01018
ANURAS,INE930P01018
APARINDS,INE372A01015
APCL,INE071F01012
APCOTEXIND,INE116A01032
APEX,INE346W01013
APLAPOLLO,INE702C01027
APLLTD,INE901L01018
APOLLO,INE713T01010
APOLLOHOSP,INE437A01024
APOLLOPIPE,INE126J01016
APOLLOTYRE,INE438A01022
APOLSINHOT,INE451F01024
APTECHT,INE266F01018
ARCHIDPLY,INE877I01016
ARCHIES,INE731A01020
ARCOTECH,INE574I01035
ARENTERP,INE610C01014
ARIES,INE298I01015
ARIHANT,INE413D01011
ARIHANTSUP,INE643K01018
ARMANFIN,INE109C01017
AROGRANITE,INE210C01013
ARROWGREEN,INE570D01018
ARSHIYA,INE968D01022
ARSSINFRA,INE267I01010
ARTEMISMED,INE025R01013
ARVEE,INE006Z01016
ARVIND,INE034A01011
ARVINDFASN,INE955V01021
ARVSMART,INE034S01021
ASAHIINDIA,INE439A01020
ASAHISONG,INE228I01012
ASAL,INE900C01027
ASALCBR,INE073G01016
ASHAPURMIN,INE348A01023
ASHIANA,INE365D01021
ASHIMASYN,INE440A01010
ASHOKA,INE442H01029
ASHOKLEY,INE208A01029
ASIANHOTNR,INE363A01022
ASIANPAINT,INE021A01026
ASIANTILES,INE022I01019
ASLIND,INE617I01024
ASPINWALL,INE991I01015
ASTEC,INE563J01010
ASTERDM,INE914M01019
ASTRAL,INE006I01046
ASTRAMICRO,INE386C01029
ASTRAZEN,INE203A01020
ASTRON,INE646X01014
ATFL,INE209A01019
ATGL,INE399L01023
ATLANTA,INE285H01022
ATLASCYCLE,INE446A01025
ATUL,INE100A01010
ATULAUTO,INE951D01028
AUBANK,INE949L01017
AURIONPRO,INE132H01018
AUROPHARMA,INE406A01037
AUSOMENT,INE218C01016
AUTOAXLES,INE449A01011
AUTOIND,INE718H01014
AUTOLITIND,INE448A01013
AVADHSUGAR,INE349W01017
AVANTIFEED,INE871C01038
AVG,INE680Z01018
AVTNPL,INE488D01021
AWHCL,INE01BK01022
AXISBANK,INE238A01034
AXISBNKETF,INF846K01X63
AXISCADES,INE555B01013
AXISGOLD,INF846K01W80
AXISNIFTY,INF846K01W98
AXISTECETF,INF846K01Y96
AYMSYNTEX,INE193B01039
BAFNAPH,INE878I01022
BAGFILMS,INE116D01028
BAJAJ-AUTO,INE917I01010
BAJAJCON,INE933K01021
BAJAJELEC,INE193E01025
BAJAJFINSV,INE918I01018
BAJAJHIND,INE306A01021
BAJAJHLDNG,INE118A01012
BAJFINANCE,INE296A01024
BALAJITELE,INE794B01026
BALAMINES,INE050E01027
BALAXI,INE618N01014
BALKRISHNA,INE875R01011
BALKRISIND,INE787D01026
BALLARPUR,INE294A01037
BALMLAWRIE,INE164A01016
BALPHARMA,INE083D01012
BALRAMCHIN,INE119A01028
BANARBEADS,INE655B01011
BANARISUG,INE459A01010
BANCOINDIA,INE213C01025
BANDHANBNK,INE545U01014
BANG,INE863I01016
BANKA,INE862Y01015
BANKBARODA,INE028A01039
BANKBEES,INF204KB15I9
BANKINDIA,INE084A01016
BANSWRAS,INE629D01012
BARBEQUE,INE382M01027
BARTRONICS,INE855F01034
BASF,INE373A01013
BASML,INE186H01022
BATAINDIA,INE176A01028
BAYERCROP,INE462A01022
BBL,INE464A01028
BBTC,INE050A01025
BCG,INE425B01027
BCLIND,INE412G01016
BCP,INE905P01028
BDL,INE171Z01018
BEARDSELL,INE520H01022
BECTORFOOD,INE495P01012
BEDMUTHA,INE844K01012
BEL,INE263A01024
BEML,INE258A01016
BEPL,INE922A01025
BERGEPAINT,INE463A01038
BESTAGRO,INE052T01013
BETA,INE351Y01019
BFINVEST,INE878K01010
BFUTILITIE,INE243D01012
BGLOBAL,INE224M01013
BGRENERGY,INE661I01014
BHAGERIA,INE354C01027
BHAGYANGR,INE458B01036
BHAGYAPROP,INE363W01018
BHANDARI,INE474E01029
BHARATFORG,INE465A01025
BHARATGEAR,INE561C01019
BHARATRAS,INE838B01013
BHARATWIRE,INE316L01019
BHARTIARTL,INE397D01024
BHEL,INE257A01026
BIGBLOC,INE412U01017
BIL,INE828A01016
BILENERGY,INE607L01029
BINDALAGRO,INE143A01010
BIOCON,INE376G01013
BIOFILCHEM,INE829A01014
BIRET,INE0FDU25010
BIRLACABLE,INE800A01015
BIRLACORPN,INE340A01012
BIRLAMONEY,INE865C01022
BIRLATYRE,INE0AEJ01013
BKMINDST,INE831Q01016
BLBLIMITED,INE791A01024
BLISSGVS,INE416D01022
BLKASHYAP,INE350H01032
BLS,INE153T01027
BLUECHIP,INE657B01025
BLUECOAST,INE472B01011
BLUEDART,INE233B01017
BLUESTARCO,INE472A01039
BODALCHEM,INE338D01028
BOHRA,INE802W01015
BOMDYEING,INE032A01023
BOROLTD,INE02PY01013
BORORENEW,INE666D01022
BOSCHLTD,INE323A01026
BPCL,INE029A01011
BPL,INE110A01019
BRFL,INE589G01011
BRIGADE,INE791I01019
BRIGHT,INE684Z01010
BRITANNIA,INE216A01030
BRITANNIA,INE216A07052
BRNL,INE727S01012
BROOKS,INE650L01011
BSE,INE118H01025
BSELINFRA,INE395A01016
BSHSL,INE032Z01012
BSL,INE594B01012
BSLGOLDETF,INF209K01HT2
BSLNIFTY,INF209K01IR4
BSOFT,INE836A01035
BURGERKING,INE07T201019
BURNPUR,INE817H01014
BUTTERFLY,INE295F01017
BVCL,INE139I01011
BYKE,INE319B01014
CADILAHC,INE010B01027
CALSOFT,INE526B01014
CAMLINFINE,INE052I01032
CAMS,INE596I01012
CANBK,INE476A01014
CANDC,INE874H01015
CANFINHOME,INE477A01020
CANTABIL,INE068L01016
CAPACITE,INE264T01014
CAPLIPOINT,INE475E01026
CAPTRUST,INE707C01018
CARBORUNIV,INE120A01034
CAREERP,INE521J01018
CARERATING,INE752H01013
CASTEXTECH,INE068D01021
CASTROLIND,INE172A01027
CCCL,INE429I01024
CCHHL,INE652F01027
CCL,INE421D01022
CDSL,INE736A01011
CEATLTD,INE482A01020
CEBBCO,INE209L01016
CELEBRITY,INE185H01016
CENTENKA,INE485A01015
CENTEXT,INE281A01026
CENTRALBK,INE483A01010
CENTRUM,INE660C01027
CENTUM,INE320B01020
CENTURYPLY,INE348B01021
CENTURYTEX,INE055A01016
CERA,INE739E01017
CEREBRAINT,INE345B01019
CESC,INE486A01013
CGCL,INE180C01026
CGPOWER,INE067A01029
CHALET,INE427F01016
CHAMBLFERT,INE085A01013
CHEMBOND,INE995D01025
CHEMCON,INE03YM01018
CHEMFAB,INE783X01023
CHENNPETRO,INE178A01016
CHOLAFIN,INE121A01024
CHOLAHLDNG,INE149A01033
CHROMATIC,INE662C01015
CIGNITITEC,INE675C01017
CINELINE,INE704H01022
CINEVISTA,INE039B01026
CIPLA,INE059A01026
CKPLEISURE,INE418Y01016
CLEDUCATE,INE201M01011
CLNINDIA,INE492A01029
CMICABLES,INE981B01011
CMMIPL,INE289S01013
COALINDIA,INE522F01014
COCHINSHIP,INE704P01017
COFFEEDAY,INE335K01011
COFORGE,INE591G01017
COLPAL,INE259A01022
COMPINFO,INE070C01037
COMPUSOFT,INE453B01029
CONCOR,INE111A01025
CONFIPET,INE552D01024
CONSOFINVT,INE025A01027
CONTROLPR,INE663B01015
CORALFINAC,INE558D01021
CORDSCABLE,INE792I01017
COROMANDEL,INE169A01031
COSMOFILMS,INE757A01017
COUNCODOS,INE695B01025
COX&KINGS,INE008I01026
CPSEETF,INF457M01133
CRAFTSMAN,INE00LO01017
CREATIVE,INE985W01018
CREDITACC,INE741K01010
CREST,INE559D01011
CRISIL,INE007A01025
CROMPTON,INE299U01018
CROWN,INE491V01019
CSBBANK,INE679A01013
CTE,INE627H01017
CUB,INE491A01021
CUBEXTUB,INE144D01012
CUMMINSIND,INE298A01020
CUPID,INE509F01011
CYBERMEDIA,INE278G01037
CYBERTECH,INE214A01019
CYIENT,INE136B01020
DAAWAT,INE818H01020
DABUR,INE016A01026
DALALSTCOM,INE055C01020
DALBHARAT,INE00R701025
DALMIASUG,INE495A01022
DAMODARIND,INE497D01022
DANGEE,INE688Y01014
DATAMATICS,INE365B01017
DBCORP,INE950I01011
DBL,INE917M01012
DBREALTY,INE879I01012
DBSTOCKBRO,INE921B01025
DCAL,INE385W01011
DCBBANK,INE503A01015
DCM,INE498A01018
DCMFINSERV,INE891B01012
DCMNVL,INE08KP01019
DCMSHRIRAM,INE499A01024
DCW,INE500A01029
DECCANCE,INE583C01021
DEEPAKFERT,INE501A01019
DEEPAKNTR,INE288B01029
DEEPENR,INE677H01012
DEEPINDS,INE0FHS01016
DELTACORP,INE124G01033
DELTAMAGNT,INE393A01011
DEN,INE947J01015
DENORA,INE244A01016
DEVIT,INE060X01018
DFMFOODS,INE456C01020
DGCONTENT,INE03JI01017
DHAMPURSUG,INE041A01016
DHANBANK,INE680A01011
DHANI,INE274G01010
DHANILOANS,INE614X07068
DHANILOANS,INE614X07084
DHANILOANS,INE614X07092
DHANIPP,IN9274G01034
DHANUKA,INE435G01025
DHARSUGAR,INE988C01014
DHFL,INE202B01012
DHFL,INE202B07IY2
DHFL,INE202B07JA0
DHFL,INE202B07JJ1
DHFL,INE202B07JF9
DHFL,INE202B07JH5
DHUNINV,INE320L01011
DIAMONDYD,INE393P01035
DIAPOWER,INE989C01012
DICIND,INE303A01010
DIGISPICE,INE927C01020
DISHTV,INE836F01026
DIVISLAB,INE361B01024
DIXON,INE935N01020
DLF,INE271C01023
DLINKINDIA,INE250K01012
DMART,INE192R01011
DNAMEDIA,INE016M01021
DOLAT,INE966A01022
DOLLAR,INE325C01035
DONEAR,INE668D01028
DPABHUSHAN,INE266Y01019
DPSCLTD,INE360C01024
DPWIRES,INE864X01013
DQE,INE656K01010
DRCSYSTEMS,INE03RS01019
DREDGECORP,INE506A01018
DRREDDY,INE089A01023
DSSL,INE417B01040
DTIL,INE341R01014
DUCON,INE741L01018
DVL,INE477B01010
DWARKESH,INE366A01041
DYNAMATECH,INE221B01012
DYNPRO,INE256H01015
EASEMYTRIP,INE07O001018
EASTSILK,INE962C01027
EASUNREYRL,INE268C01029
EBBETF0423,INF754K01KN4
EBBETF0425,INF754K01LD3
EBBETF0430,INF754K01KO2
EBBETF0431,INF754K01LE1
EBIXFOREX,INE726L01019
EC4RG,INF903JA1DN0
ECLERX,INE738I01010
ECLFINANCE,INE804I074Y7
ECLFINANCE,INE804I075Y4
ECLFINANCE,INE804I077Y0
ECLFINANCE,INE804I078Y8
ECLFINANCE,INE804I075Z1
ECLFINANCE,INE804I077Z7
ECLFINANCE,INE804I078Z5
ECLFINANCE,INE804IA7014
ECLFINANCE,INE804IA7022
EDELWEISS,INE532F01054
EDUCOMP,INE216H01027
EHFLNCD,INE530L07194
EHFLNCD,INE530L07228
EICHERMOT,INE066A01021
EIDPARRY,INE126A01031
EIHAHOTELS,INE276C01014
EIHOTEL,INE230A01023
EIMCOELECO,INE158B01016
EKC,INE184H01027
ELECON,INE205B01023
ELECTCAST,INE086A01029
ELECTHERM,INE822G01016
ELGIEQUIP,INE285A01027
ELGIRUBCO,INE819L01012
EMAMILTD,INE548C01032
EMAMIPAP,INE830C01026
EMAMIREAL,INE778K01012
EMBASSY,INE041025011
EMCO,INE078A01026
EMKAY,INE296H01011
EMKAYTOOLS,INE332S01011
EMMBI,INE753K01015
EMOFSR1RGG,INF754K01IR9
ENDURANCE,INE913H01037
ENERGYDEV,INE306C01019
ENGINERSIN,INE510A01028
ENIL,INE265F01028
EPL,INE255A01020
EQ30,INF754K01EM9
EQUITAS,INE988K01017
EQUITASBNK,INE063P01018
ERFLNCDI,INE528S07094
ERFLNCDI,INE528S07110
ERFLNCDI,INE528S07128
ERIS,INE406M01024
EROSMEDIA,INE416L01017
ESABINDIA,INE284A01012
ESCORTS,INE042A01014
ESSARSHPNG,INE122M01019
ESTER,INE778B01029
EUROMULTI,INE063J01011
EVEREADY,INE128A01029
EVERESTIND,INE295A01018
EXCEL,INE688J01015
EXCELINDUS,INE369A01029
EXIDEIND,INE302A01020
EXPLEOSOL,INE201K01015
FACT,INE188A01015
FAIRCHEMOR,INE0DNW01011
FCL,INE045J01026
FCONSUMER,INE220J01025
FCSSOFT,INE512B01022
FDC,INE258B01022
FEDERALBNK,INE171A01029
FEL,INE623B01027
FELDVR,IN9623B01058
FELIX,INE901X01013
FIEMIND,INE737H01014
FILATEX,INE816B01027
FINCABLES,INE235A01022
FINEORG,INE686Y01026
FINPIPE,INE183A01024
FLEXITUFF,INE060J01017
FLFL,INE452O01016
FLUOROCHEM,INE09N301011
FMGOETZE,INE529A01010
FMNL,INE360L01017
FORCEMOT,INE451A01017
FORTIS,INE061F01013
FOSECOIND,INE519A01011
FRETAIL,INE752P01024
FSC,INE935Q01015
FSL,INE684F01012
G5,INF247L01AK4
GABRIEL,INE524A01029
GAEL,INE036B01030
GAIL,INE129A01019
GAL,INE482J01021
GALAXYSURF,INE600K01018
GALLANTT,INE297H01019
GALLISPAT,INE528K01029
GAMMNINFRA,INE181G01025
GANDHITUBE,INE524B01027
GANECOS,INE845D01014
GANESHHOUC,INE460C01014
GANGAFORGE,INE691Z01015
GANGESSECU,INE335W01016
GANGOTRI,INE670B01028
GARFIBRES,INE276A01018
GATI,INE152B01027
GAYAHWS,INE287Z01012
GAYAPROJ,INE336H01023
GBGLOBAL,INE087J01028
GDL,INE852F01015
GEECEE,INE916G01016
GEEKAYWIRE,INE669X01016
GENCON,INE854S01022
GENESYS,INE727B01026
GENUSPAPER,INE949P01018
GENUSPOWER,INE955D01029
GEOJITFSL,INE007B01023
GEPIL,INE878A01011
GESHIP,INE017A01032
GET&D,INE200A01026
GFLLIMITED,INE538A01037
GFSTEELS,INE534A01028
GHCL,INE539A01019
GICHSGFIN,INE289B01019
GICL,INE947T01014
GICRE,INE481Y01014
GILLANDERS,INE047B01011
GILLETTE,INE322A01010
GINNIFILA,INE424C01010
GIPCL,INE162A01010
GKWLIMITED,INE528A01020
GLAND,INE068V01023
GLAXO,INE159A01016
GLENMARK,INE935A01035
GLFL,INE540A01017
GLOBAL,INE291W01011
GLOBALVECT,INE792H01019
GLOBUSSPR,INE615I01010
GMBREW,INE075D01018
GMDCLTD,INE131A01031
GMMPFAUDLR,INE541A01023
GMRINFRA,INE776C01039
GNA,INE934S01014
GNFC,INE113A01013
GOACARBON,INE426D01013
GOCLCORP,INE077F01035
GODFRYPHLP,INE260B01028
GODHA,INE925Y01010
GODREJAGRO,INE850D01014
GODREJCP,INE102D01028
GODREJIND,INE233A01035
GODREJPROP,INE484J01027
GOENKA,INE516K01024
GOKEX,INE887G01027
GOKUL,INE020J01029
GOKULAGRO,INE314T01025
GOLDBEES,INF204KB17I5
GOLDENTOBC,INE973A01010
GOLDIAM,INE025B01017
GOLDSHARE,INF789F1AUX7
GOLDTECH,INE805A01014
GOODLUCK,INE127I01024
GOODYEAR,INE533A01012
GPIL,INE177H01013
GPPL,INE517F01014
GPTINFRA,INE390G01014
GRANULES,INE101D01020
GRAPHITE,INE371A01025
GRASIM,INE047A01021
GRAVITA,INE024L01027
GREAVESCOT,INE224A01026
GREENLAM,INE544R01013
GREENPANEL,INE08ZM01014
GREENPLY,INE461C01038
GREENPOWER,INE999K01014
GRINDWELL,INE536A01023
GROBTEA,INE646C01018
GRPLTD,INE137I01015
GRSE,INE382Z01011
GSCLCEMENT,INE542A01039
GSFC,INE026A01025
GSPL,INE246F01010
GSS,INE871H01011
GTL,INE043A01012
GTLINFRA,INE221H01019
GTNTEX,INE302H01017
GTPL,INE869I01013
GUFICBIO,INE742B01025
GUJALKALI,INE186A01019
GUJAPOLLO,INE826C01016
GUJGASLTD,INE844O01030
GUJRAFFIA,INE610B01024
GULFOILLUB,INE635Q01029
GULFPETRO,INE586G01017
GULPOLY,INE255D01024
GVKPIL,INE251H01024
HAL,INE066F01012
HAPPSTMNDS,INE419U01012
HARRMALAYA,INE544A01019
HATHWAY,INE982F01036
HATSUN,INE473B01035
HAVELLS,INE176B01034
HAVISHA,INE293B01029
HBANKETF,INF179KC1AN8
HBLPOWER,INE292B01021
HBSL,INE550B01022
HCC,INE549A01026
HCG,INE075I01017
HCL-INSYS,INE236A01020
HCLTECH,INE860A01027
HDFC,INE001A01036
HDFC,INE001A13049
HDFCAMC,INE127D01025
HDFCBANK,INE040A01034
HDFCLIFE,INE795G01014
HDFCMFGETF,INF179KC1981
HDFCNIFETF,INF179KC1965
HDFCSENETF,INF179KC1973
HDIL,INE191I01012
HEG,INE545A01016
HEIDELBERG,INE578A01017
HEMIPROP,INE0AJG01018
HEOFRG1126,INF179KC1AH0
HERANBA,INE694N01015
HERCULES,INE688E01024
HERITGFOOD,INE978A01027
HEROMOTOCO,INE158A01026
HESTERBIO,INE782E01017
HEXATRADEX,INE750M01017
HFCL,INE548A01028
HGINFRA,INE926X01010
HGS,INE170I01016
HIKAL,INE475B01022
HIL,INE557A01011
HILTON,INE788H01017
HIMATSEIDE,INE049A01027
HINDALCO,INE038A01020
HINDCOMPOS,INE310C01029
HINDCOPPER,INE531E01026
HINDMOTORS,INE253A01025
HINDNATGLS,INE952A01022
HINDOILEXP,INE345A01011
HINDPETRO,INE094A01015
HINDUNILVR,INE030A01027
HINDZINC,INE267A01025
HIRECT,INE835D01023
HISARMETAL,INE598C01011
HITECH,INE106T01017
HITECHCORP,INE120D01012
HITECHGEAR,INE127B01011
HLEGLAS,INE461D01010
HLVLTD,INE102A01024
HMT,INE262A01018
HMVL,INE871K01015
HNDFDS,INE254N01018
HNGSNGBEES,INF204KB19I1
HOMEFIRST,INE481N01025
HONAUT,INE671A01010
HONDAPOWER,INE634A01018
HOVS,INE596H01014
HPL,INE495S01016
HSCL,INE019C01026
HSIL,INE415A01038
HTMEDIA,INE501G01024
HUBTOWN,INE703H01016
HUDCO,INE031A01017
HUDCO,INE031A07840
HUDCO,INE031A07832
HUDCO,INE031A07AT4
HUDCO,INE031A07949
HUDCO,INE031A07AB2
HUHTAMAKI,INE275B01026
HUSYSLTD,INE336T01010
IBMFNIFTY,INF666M01FS5
IBREALEST,INE069I01010
IBUCCREDIT,INE244L07101
IBULHSGFIN,INE148I01020
IBULHSGFIN,INE148I07GF5
IBULHSGFIN,INE148I07GJ7
IBULHSGFIN,INE148I07GL3
IBULHSGFIN,INE148I08256
ICEMAKE,INE520Y01019
ICICI500,INF109KC1CZ3
ICICIALPLV,INF109KC1N59
ICICIB22,INF109KB15Y7
ICICIBANK,INE090A01021
ICICIBANKN,INF109KC1E27
ICICIBANKP,INF109KC1E35
ICICIGI,INE765G01017
ICICIGOLD,INF109KC1NT3
ICICILIQ,INF109KC1KT9
ICICILOVOL,INF109KB10T8
ICICIM150,INF109KC1G82
ICICIMCAP,INF109KB1XT3
ICICINF100,INF109KA1962
ICICINIFTY,INF109K012R6
ICICINV20,INF109KB1WY5
ICICINXT50,INF109KC1NS5
ICICIPRULI,INE726G01019
ICICISENSX,INF346A01034
ICICITECH,INF109KC1N67
ICIL,INE483B01026
ICRA,INE725G01011
IDBI,INE008A01015
IDBIGOLD,INF397L01554
IDEA,INE669E01016
IDFC,INE043D01016
IDFCFIRSTB,INE092T01019
IDFCFIRSTB,INE092T08CK9
IDFCFIRSTB,INE092T08CM5
IDFCFIRSTB,INE092T08CN3
IDFCFIRSTB,INE092T08CO1
IDFCFIRSTB,INE092T08CP8
IDFNIFTYET,INF194KA1U07
IEX,INE022Q01020
IFBAGRO,INE076C01018
IFBIND,INE559A01017
IFCI,INE039A01010
IFCI,INE039A07801
IFGLEXPOR,INE133Y01011
IGARASHI,INE188B01013
IGL,INE203G01027
IGPL,INE204A01010
IIFL,INE530B01024
IIFL,INE866I07BZ1
IIFL,INE866I07CB0
IIFL,INE866I07CD6
IIFL,INE866I08279
IIFL,INE866I07CK1
IIFL,INE866I07CM7
IIFL,INE866I08311
IIFL,INE530B08094
IIFL,INE530B08102
IIFL,INE530B08110
IIFLSEC,INE489L01022
IIFLWAM,INE466L01020
IITL,INE886A01014
IL&FSENGG,INE369I01014
IL&FSTRANS,INE975G01012
IMAGICAA,INE172N01012
IMFA,INE919H01018
IMPAL,INE547E01014
IMPEXFERRO,INE691G01015
INDBANK,INE841B01017
INDHOTEL,INE053A01029
INDIACEM,INE383A01012
INDIAGLYCO,INE560A01015
INDIAMART,INE933S01016
INDIANB,INE562A01011
INDIANCARD,INE061A01014
INDIANHUME,INE323C01030
INDIGO,INE646L01027
INDIGOPNTS,INE09VQ01012
INDIGRID,INE219X23014
INDLMETER,INE065B01013
INDNIPPON,INE092B01025
INDOCO,INE873D01024
INDORAMA,INE156A01020
INDOSOLAR,INE866K01015
INDOSTAR,INE896L01010
INDOTECH,INE332H01014
INDOTHAI,INE337M01013
INDOWIND,INE227G01018
INDRAMEDCO,INE681B01017
INDSWFTLAB,INE915B01019
INDSWFTLTD,INE788B01028
INDTERRAIN,INE611L01021
INDUSINDBK,INE095A01012
INDUSTOWER,INE121J01017
INEOSSTYRO,INE189B01011
INFIBEAM,INE483S01020
INFOBEAN,INE344S01016
INFOMEDIA,INE669A01022
INFRABEES,INF732E01268
INFY,INE009A01021
INGERRAND,INE177A01018
INNOVANA,INE403Y01018
INNOVATIVE,INE070Y01015
INOXLEISUR,INE312H01016
INOXWIND,INE066P01011
INSECTICID,INE070I01018
INSPIRISYS,INE020G01017
INTEGRA,INE418N01027
INTELLECT,INE306R01017
INTENTECH,INE781A01025
INVENTURE,INE878H01016
IOB,INE565A01014
IOC,INE242A01010
IOLCP,INE485C01011
IPCALAB,INE571A01020
IRB,INE821I01014
IRBINVIT,INE183W23014
IRCON,INE962Y01021
IRCTC,INE335Y01012
IREDA,INE202E07120
IREDA,INE202E07229
IRFC,INE053F01010
IRFC,INE053F07538
IRFC,INE053F07561
IRFC,INE053F07595
IRFC,INE053F07678
IRFC,INE053F07686
IRFC,INE053F07728
IRFC,INE053F07744
IRFC,INE053F07801
IRFC,INE053F07827
IRFC,INE053F07843
IRFC,INE053F07884
IRFC,INE053F07892
IRISDOREME,INE01GN01017
ISEC,INE763G01038
ISFT,INE566K01011
ISMTLTD,INE732F01019
ITC,INE154A01025
ITDC,INE353K01014
ITDCEM,INE686A01026
ITI,INE248A01017
IVC,INE050B01023
IVP,INE043C01018
IVZINGOLD,INF205K01361
IVZINNIFTY,INF205K01DA9
IZMO,INE848A01014
J&KBANK,INE168A01041
JAGRAN,INE199G01027
JAGSNPHARM,INE048B01027
JAIBALAJI,INE091G01018
JAICORPLTD,INE070D01027
JAINSTUDIO,INE486B01011
JAMNAAUTO,INE039C01032
JASH,INE039O01011
JAYAGROGN,INE785A01026
JAYBARMARU,INE571B01028
JAYNECOIND,INE854B01010
JAYSREETEA,INE364A01020
JBCHEPHARM,INE572A01028
JBFIND,INE187A01017
JBMA,INE927D01028
JCHAC,INE782A01015
JETAIRWAYS,INE802G01018
JHS,INE544H01014
JIKIND,INE026B01049
JINDALPHOT,INE796G01012
JINDALPOLY,INE197D01010
JINDALSAW,INE324A01024
JINDALSTEL,INE749A01030
JINDCOT,INE904J01016
JINDRILL,INE742C01031
JINDWORLD,INE247D01039
JISLDVREQS,IN9175A01010
JISLJALEQS,INE175A01038
JITFINFRA,INE863T01013
JIYAECO,INE023S01016
JKCEMENT,INE823G01014
JKIL,INE576I01022
JKLAKSHMI,INE786A01032
JKPAPER,INE789E01012
JKTYRE,INE573A01042
JMA,INE412C01023
JMCPROJECT,INE890A01024
JMFINANCIL,INE780C01023
JMTAUTOLTD,INE988E01036
JOCIL,INE839G01010
JPASSOCIAT,INE455F01025
JPINFRATEC,INE099J01015
JPOLYINVST,INE147P01019
JPPOWER,INE351F01018
JSL,INE220G01021
JSLHISAR,INE455T01018
JSWENERGY,INE121E01018
JSWHL,INE824G01012
JSWISPL,INE743C01021
JSWSTEEL,INE019A01038
JTEKTINDIA,INE643A01035
JUBLFOOD,INE797F01012
JUBLINDS,INE645L01011
JUBLINGREA,INE0BY001018
JUBLPHARMA,INE700A01033
JUMPNET,INE974C01022
JUNIORBEES,INF732E01045
JUSTDIAL,INE599M01018
JYOTHYLAB,INE668F01031
JYOTISTRUC,INE197A01024
KABRAEXTRU,INE900B01029
KAJARIACER,INE217B01036
KAKATCEM,INE437B01014
KALPATPOWR,INE220B01022
KALYANIFRG,INE314G01014
KALYANKJIL,INE303R01014
KAMATHOTEL,INE967C01018
KAMDHENU,INE390H01012
KANANIIND,INE879E01037
KANORICHEM,INE138C01024
KANPRPLA,INE694E01014
KANSAINER,INE531A01024
KAPSTON,INE542Z01010
KARDA,INE278R01026
KARMAENG,INE725L01011
KARURVYSYA,INE036D01028
KAUSHALYA,INE234I01010
KAVVERITEL,INE641C01019
KAYA,INE587G01015
KCP,INE805C01028
KCPSUGIND,INE790B01024
KDDL,INE291D01011
KDDL-RE,INE291D20011
KEC,INE389H01022
KECL,INE134B01017
KEERTI,INE586X01012
KEI,INE878B01027
KELLTONTEC,INE164B01022
KENNAMET,INE717A01029
KERNEX,INE202H01019
KESORAMIND,INE087A01019
KEYFINSERV,INE681C01015
KHADIM,INE834I01025
KHAICHEM,INE745B01028
KHAITANLTD,INE731C01018
KHANDSE,INE060B01014
KICL,INE029L01018
KILITCH,INE729D01010
KINGFA,INE473D01015
KIOCL,INE880L01014
KIRIINDUS,INE415I01015
KIRLFER,INE884B01025
KIRLOSBROS,INE732A01036
KIRLOSENG,INE146L01010
KIRLOSIND,INE250A01039
KITEX,INE602G01020
KKCL,INE401H01017
KMSUGAR,INE157H01023
KNRCON,INE634I01029
KOHINOOR,INE080B01012
KOKUYOCMLN,INE760A01029
KOLTEPATIL,INE094I01018
KOPRAN,INE082A01010
KOTAKBANK,INE237A01028
KOTAKBKETF,INF174K01F59
KOTAKGOLD,INF373I01049
KOTAKIT,INF174KA1GC5
KOTAKNIFTY,INF174K014P6
KOTAKNV20,INF174K01Z71
KOTAKPSUBK,INF373I01023
KOTARISUG,INE419A01022
KOTHARIPET,INE720A01015
KOTHARIPRO,INE823A01017
KPITTECH,INE04I401011
KPRMILL,INE930H01023
KRBL,INE001B01026
KREBSBIO,INE268B01013
KRIDHANINF,INE524L01026
KRISHANA,INE506W01012
KSB,INE999A01015
KSCL,INE455I01029
KSERASERA,INE216D01026
KSL,INE907A01026
KSOLVES,INE0D6I01015
KTKBANK,INE614B01018
KUANTUM,INE529I01021
L&TFH,INE498L01015
L&TFINANCE,INE027E07899
L&TFINANCE,INE027E07931
L&TFINANCE,INE027E07956
L&TFINANCE,INE027E07972
L&TFINANCE,INE027E07AB2
L&TFINANCE,INE027E07AD8
L&TFINANCE,INE027E07AF3
L&TFINANCE,INE027E07AL1
L&TFINANCE,INE027E07AW8
L&TFINANCE,INE027E07BA2
L&TFINANCE,INE027E07BC8
LAGNAM,INE548Z01017
LALPATHLAB,INE600L01024
LAMBODHARA,INE112F01022
LAOPALA,INE059D01020
LASA,INE670X01014
LAURUSLABS,INE947Q01028
LAXMIMACH,INE269B01029
LCCINFOTEC,INE938A01021
LEMONTREE,INE970X01018
LEXUS,INE500X01013
LFIC,INE850E01012
LGBBROSLTD,INE337A01034
LGBFORGE,INE201J01017
LIBAS,INE908V01012
LIBERTSHOE,INE557B01019
LICHSGFIN,INE115A01026
LICNETFGSC,INF767K01MV5
LICNETFN50,INF767K01OS7
LICNETFSEN,INF767K01OT5
LICNFNHGP,INF767K01PC8
LIKHITHA,INE060901019
LINCOLN,INE405C01035
LINCPEN,INE802B01019
LINDEINDIA,INE473A01011
LIQUIDBEES,INF732E01037
LIQUIDETF,INF740KA1EU7
LODHA,INE670K01029
LOKESHMACH,INE397H01017
LOTUSEYE,INE947I01017
LOVABLE,INE597L01014
LPDC,INE197J01017
LSIL,INE093R01011
LT,INE018A01030
LTI,INE214T01019
LTTS,INE010V01017
LUMAXIND,INE162B01018
LUMAXTECH,INE872H01027
LUPIN,INE326A01037
LUXIND,INE150G01020
LXCHEM,INE576O01020
LYKALABS,INE933A01014
LYPSAGEMS,INE142K01011
M&M,INE101A01026
M&MFIN,INE774D01024
M100,INF247L01023
M14RG,INF903JA1971
M50,INF247L01536
MAANALU,INE215I01019
MACPOWER,INE155Z01011
MADHAV,INE925C01016
MADHUCON,INE378D01032
MADRASFERT,INE414A01015
MAESGETF,INF769K01GS9
MAGADSUGAR,INE347W01011
MAGMA,INE511C01022
MAGMA,INE511C07706
MAGMA,INE511C07714
MAGNUM,INE387I01016
MAHABANK,INE457A01014
MAHAPEXLTD,INE843B01013
MAHASTEEL,INE451L01014
MAHEPC,INE215D01010
MAHESHWARI,INE263W01010
MAHICKRA,INE961Y01015
MAHINDCIE,INE536H01010
MAHLIFE,INE813A01018
MAHLOG,INE766P01016
MAHSCOOTER,INE288A01013
MAHSEAMLES,INE271B01025
MAITHANALL,INE683C01011
MAITHANALL,INE683C01011
MAJESCO,INE898S01029
MALUPAPER,INE383H01017
MAN50ETF,INF769K01EG9
MANAKALUCO,INE859Q01017
MANAKCOAT,INE830Q01018
MANAKSIA,INE015D01022
MANAKSTEEL,INE824Q01011
MANALIPETC,INE201A01024
MANAPPURAM,INE522D01027
MANGALAM,INE584F01014
MANGCHEFER,INE558B01017
MANGLMCEM,INE347A01017
MANGTIMBER,INE805B01012
MANINDS,INE993A01026
MANINFRA,INE949H01023
MANUGRAPH,INE867A01022
MANXT50,INF769K01FN2
MARALOVER,INE882A01013
MARATHON,INE182D01020
MARICO,INE196A01026
MARINE,INE01JE01028
MARKSANS,INE750C01026
MARUTI,INE585B01010
MASFIN,INE348L01012
MASTEK,INE759A01021
MATRIMONY,INE866R01028
MAWANASUG,INE636A01039
MAXHEALTH,INE027H01010
MAXIND,INE0CG601016
MAXVIL,INE154U01015
MAYURUNIQ,INE040D01038
MAZDA,INE885E01034
MAZDOCK,INE249Z01012
MBAPL,INE900L01010
MBECL,INE748A01016
MBLINFRA,INE912H01013
MCDHOLDING,INE836H01014
MCDOWELL-N,INE854D01024
MCL,INE813V01022
MCLEODRUSS,INE942G01012
MCX,INE745G01035
MEGASOFT,INE933B01012
MEGH,INE974H01013
MELSTAR,INE817A01019
MENONBE,INE071D01033
MEP,INE776I01010
MERCATOR,INE934B01028
METALFORGE,INE425A01011
METROPOLIS,INE112L01020
MFSL,INE180A01020
MGEL,INE0APB01016
MGL,INE002S01010
MHHL,INE450S01011
MHRIL,INE998I01010
MIC,INE287C01029
MIDHANI,INE099Z01011
MILTON,INE376Y01016
MINDACORP,INE842C01021
MINDAIND,INE405E01023
MINDSPACE,INE0CCU25019
MINDTECK,INE110B01017
MINDTREE,INE018I01017
MIRCELECTR,INE831A01028
MIRZAINT,INE771A01026
MITTAL,INE997Y01019
MMFL,INE227C01017
MMP,INE511Y01018
MMTC,INE123F01029
MODIRUBBER,INE832A01018
MODISNME,INE737D01021
MOHITIND,INE954E01012
MOHOTAIND,INE313D01013
MOIL,INE490G01020
MOKSH,INE514Y01012
MOLDTECH,INE835B01035
MOLDTEKPP,IN9893J01019
MOLDTKPAC,INE893J01029
MOLDTKPAC,INE893J13016
MONTECARLO,INE950M01013
MORARJEE,INE161G01027
MOREPENLAB,INE083A01026
MOTHERSUMI,INE775A01035
MOTILALOFS,INE338I01027
MOTOGENFIN,INE861B01023
MPHASIS,INE356A01018
MPSLTD,INE943D01017
MPTODAY,INE105Y01019
MRF,INE883A01011
MRO-TEK,INE398B01018
MRPL,INE103A01014
MSPL,INE752G01015
MSTCLTD,INE255X01014
MTARTECH,INE864I01014
MTEDUCARE,INE472M01018
MTNL,INE153A01019
MUKANDENGG,INE022B01014
MUKANDLTD,INE304A01026
MUKANDLTD,INE304A04012
MUKTAARTS,INE374B01019
MUNJALAU,INE672B01032
MUNJALSHOW,INE577A01027
MURUDCERA,INE692B01014
MUTHOOTCAP,INE296G01013
MUTHOOTFIN,INE414G01012
N100,INF247L01031
NABARD,INE261F07032
NACLIND,INE295D01020
NAGAFERT,INE454M01024
NAGREEKCAP,INE245I01016
NAGREEKEXP,INE123B01028
NAHARCAP,INE049I01012
NAHARINDUS,INE289A01011
NAHARPOLY,INE308A01027
NAHARSPING,INE290A01027
NAM-INDIA,INE298J01013
NATCOPHARM,INE987B01026
NATHBIOGEN,INE448G01010
NATIONALUM,INE139A01034
NATNLSTEEL,INE088B01015
NAUKRI,INE663F01024
NAVINFLUOR,INE048G01026
NAVKARCORP,INE278M01019
NAVNETEDUL,INE060A01024
NAZARA,INE418L01021
NBCC,INE095N01031
NBIFIN,INE365I01020
NBVENTURES,INE725A01022
NCC,INE868B01028
NCLIND,INE732C01016
NCPSESDL24,INF204KB18W4
NDGL,INE756C01015
NDL,INE875G01030
NDRAUTO,INE07OG01012
NDTV,INE155G01029
NECCLTD,INE553C01016
NECLIFE,INE023H01027
NELCAST,INE189I01024
NELCO,INE045B01015
NEOGEN,INE136S01016
NESCO,INE317F01035
NESTLEIND,INE239A01016
NETF,INF277K015R5
NETFCONSUM,INF204KA1LD7
NETFDIVOPP,INF204KA1MS3
NETFGILT5Y,INF204KC1030
NETFIT,INF204KB15V2
NETFLTGILT,INF204KB1882
NETFMID150,INF204KB1V68
NETFNIF100,INF204K014N5
NETFNV20,INF204KB18I3
NETFSDL26,INF204KC1022
NETWORK18,INE870H01013
NEULANDLAB,INE794A01010
NEWGEN,INE619B01017
NEXTMEDIA,INE747B01016
NFL,INE870D01012
NH,INE410P01011
NHAI,INE906B07CA1
NHAI,INE906B07CB9
NHAI,INE906B07DD3
NHAI,INE906B07DF8
NHAI,INE906B07EH2
NHAI,INE906B07EI0
NHAI,INE906B07EJ8
NHAI,INE906B07EO8
NHAI,INE906B07EP5
NHBTF2014,INE557F07132
NHBTF2023,INE557F07041
NHBTF2023,INE557F07199
NHPC,INE848E01016
NIACL,INE470Y01017
NIBL,INE047O01014
NIFTYBEES,INF204KB14I2
NIITLTD,INE161A01038
NILAINFRA,INE937C01029
NILASPACES,INE00S901012
NILKAMAL,INE310A01015
NIPPOBATRY,INE567A01010
NIRAJ,INE368I01016
NITCO,INE858F01012
NITINFIRE,INE489H01020
NITINSPIN,INE229H01012
NITIRAJ,INE439T01012
NKIND,INE542C01019
NLCINDIA,INE589A01014
NMDC,INE584A01023
NOCIL,INE163A01018
NOIDATOLL,INE781B01015
NORBTEAEXP,INE369C01017
NOVARTIND,INE234A01025
NPBET,INF277K010X4
NRAIL,INE740D01017
NRBBEARING,INE349A01021
NSIL,INE023A01030
NTL,INE333I01036
NTPC,INE733E01010
NTPC,INE733E07JJ9
NTPC,INE733E07JP6
NTPC,INE733E07JU6
NTPC,INE733E07JW2
NUCLEUS,INE096B01018
NURECA,INE0DSF01015
NXTDIGITAL,INE353A01023
OAL,INE959C01023
OBEROIRLTY,INE093I01010
OCCL,INE321D01016
OFSS,INE881D01027
OIL,INE274J01014
OILCOUNTUB,INE591A01010
OISL,INE196J01019
OLECTRA,INE260D01016
OMAXAUTO,INE090B01011
OMAXE,INE800H01010
OMINFRAL,INE239D01028
OMKARCHEM,INE474L01016
ONELIFECAP,INE912L01015
ONEPOINT,INE840Y01011
ONGC,INE213A01029
ONMOBILE,INE809I01019
ONWARDTEC,INE229A01017
OPTIEMUS,INE350C01017
OPTOCIRCUI,INE808B01016
ORBTEXP,INE231G01010
ORCHPHARMA,INE191A01027
ORICONENT,INE730A01022
ORIENTABRA,INE569C01020
ORIENTALTL,INE998H01012
ORIENTBELL,INE607D01018
ORIENTCEM,INE876N01018
ORIENTELEC,INE142Z01019
ORIENTHOT,INE750A01020
ORIENTLTD,INE609C01024
ORIENTPPR,INE592A01026
ORIENTREF,INE743M01012
ORISSAMINE,INE725E01024
ORTEL,INE849L01019
ORTINLAB,INE749B01020
OSWALAGRO,INE142A01012
PAEL,INE766A01018
PAGEIND,INE761H01022
PAISALO,INE420C01042
PALASHSECU,INE471W01019
PALREDTEC,INE218G01033
PANACEABIO,INE922B01023
PANACHE,INE895W01019
PANAMAPET,INE305C01029
PANSARI,INE697V01011
PAR,INE04LG01015
PARACABLES,INE074B01023
PARAGMILK,INE883N01014
PARSVNATH,INE561H01026
PARTYCRUS,INE06ZX01015
PATELENG,INE244B01030
PATINTLOG,INE529D01014
PATSPINLTD,INE790C01014
PAVNAIND,INE07S101020
PCJEWELLER,INE785M01013
PDMJEPAPER,INE865T01018
PDPL,INE904D01019
PDSMFL,INE111Q01013
PEARLPOLY,INE844A01013
PEL,INE140A01024
PENIND,INE932A01024
PENINLAND,INE138A01028
PENTAGOLD,INE175Y01012
PERSISTENT,INE262H01013
PETRONET,INE347G01014
PFC,INE134E01011
PFC,INE134E07190
PFC,INE134E07208
PFC,INE134E07422
PFC,INE134E07463
PFIZER,INE182A01018
PFOCUS,INE367G01038
PFS,INE560K01014
PGEL,INE457L01011
PGHH,INE179A01014
PGHL,INE199A01012
PGIL,INE940H01014
PHILIPCARB,INE602A01023
PHOENIXLTD,INE211B01039
PIDILITIND,INE318A01026
PIGL,INE557Z01018
PIIND,INE603J01030
PILANIINVS,INE417C01014
PILITA,INE600A01035
PIONDIST,INE889E01010
PIONEEREMB,INE156C01018
PITTIENG,INE450D01021
PKTEA,INE431F01018
PLASTIBLEN,INE083C01022
PNB,INE160A01022
PNBGILTS,INE859A01011
PNBHOUSING,INE572E01012
PNC,INE392B01011
PNCINFRA,INE195J01029
PODDARHOUS,INE888B01018
PODDARMENT,INE371C01013
POKARNA,INE637C01025
POLYCAB,INE455K01017
POLYMED,INE205C01021
POLYPLEX,INE633B01018
PONNIERODE,INE838E01017
POWERFUL,INE650Z01011
POWERGRID,INE752E01010
POWERINDIA,INE07Y701011
POWERMECH,INE211R01019
PPAP,INE095I01015
PPL,INE050001010
PRADIP,INE495J01015
PRAENG,INE505C01016
PRAJIND,INE074A01025
PRAKASH,INE603A01013
PRAKASHSTL,INE696K01024
PRAXIS,INE546Y01022
PRECAM,INE484I01029
PRECOT,INE283A01014
PRECWIRE,INE372C01029
PREMEXPLN,INE863B01011
PREMIER,INE342A01018
PREMIERPOL,INE309M01012
PRESSMN,INE980A01023
PRESTIGE,INE811K01011
PRICOLLTD,INE726V01018
PRIMESECU,INE032B01021
PRINCEPIPE,INE689W01016
PRIVISCL,INE959A01019
PROLIFE,INE994V01012
PROZONINTU,INE195N01013
PRSMJOHNSN,INE010A01011
PSB,INE608A01012
PSPPROJECT,INE488V01015
PSUBNKBEES,INF204KB16I7
PTC,INE877F01012
PTL,INE034D01031
PULZ,INE335X01014
PUNJABCHEM,INE277B01014
PUNJLLOYD,INE701B01021
PURVA,INE323I01011
PVR,INE191H01014
QGOLDHALF,INF082J01010
QNIFTY,INF082J01028
QUESS,INE615P01015
QUICKHEAL,INE306L01010
QUINTEGRA,INE033B01011
RADAAN,INE874F01027
RADICO,INE944F01028
RADIOCITY,INE919I01024
RAILTEL,INE0DD101019
RAIN,INE855B01025
RAJESHEXPO,INE343B01030
RAJMET,INE00KV01014
RAJRATAN,INE451D01011
RAJRAYON,INE533D01024
RAJSREESUG,INE562B01019
RAJTV,INE952H01027
RAJVIR,INE011H01014
RALLIS,INE613A01020
RAMANEWS,INE278B01020
RAMASTEEL,INE230R01027
RAMCOCEM,INE331A01037
RAMCOIND,INE614A01028
RAMCOSYS,INE246B01019
RAMKY,INE874I01013
RAMSARUP,INE005D01015
RANASUG,INE625B01014
RANEENGINE,INE222J01013
RANEHOLDIN,INE384A01010
RATNAMANI,INE703B01027
RAYMOND,INE301A01014
RBL,INE244J01017
RBLBANK,INE976G01028
RCF,INE027A01015
RCOM,INE330H01018
RECLTD,INE020B01018
RECLTD,INE020B07HS2
RECLTD,INE020B07GH7
REDINGTON,INE891D01026
REFEX,INE056I01017
REGENCERAM,INE277C01012
RELAXO,INE131B01039
RELCAPITAL,INE013A01015
RELIANCE,INE002A01018
RELIANCEPP,IN9002A01024
RELIGARE,INE621H01010
RELINFRA,INE036A01016
REMSONSIND,INE474C01015
RENUKA,INE087H01022
REPCOHOME,INE612J01015
REPL,INE364Z01019
REPRO,INE461B01014
RESPONIND,INE688D01026
REVATHI,INE617A01013
RGL,INE722H01016
RHFL,INE217K01011
RHFL,INE217K07AE0
RHFL,INE217K07AG5
RICOAUTO,INE209B01025
RIIL,INE046A01015
RITES,INE320J01015
RKDL,INE722J01012
RKEC,INE786W01010
RKFORGE,INE399G01015
RMCL,INE172H01014
RMDRIP,INE219Y01018
RML,INE050H01012
RNAVAL,INE542F01012
ROHITFERRO,INE248H01012
ROHLTD,INE283H01019
ROLLT,INE927A01040
ROLTA,INE293A01013
ROML,INE294G01026
ROSSARI,INE02A801020
ROSSELLIND,INE847C01020
ROUTE,INE450U01017
RPGLIFE,INE105J01010
RPOWER,INE614G01033
RPPINFRA,INE324L01013
RPPL,INE760W01015
RPSGVENT,INE425Y01011
RSSOFTWARE,INE165B01029
RSWM,INE611A01016
RSYSTEMS,INE411H01032
RTNINDIA,INE834M01019
RTNPOWER,INE399K01017
RUBYMILLS,INE301D01026
RUCHI,INE619A01035
RUCHINFRA,INE413B01023
RUCHIRA,INE803H01014
RUPA,INE895B01021
RUSHIL,INE573K01017
RVHL,INE09E501017
RVNL,INE415G01027
S&SPOWER,INE902B01017
SABEVENTS,INE860T01019
SABTN,INE416A01036
SADBHAV,INE226H01026
SADBHIN,INE764L01010
SAFARI,INE429E01023
SAGARDEEP,INE976T01013
SAGCEM,INE229C01013
SAIL,INE114A01011
SAKAR,INE732S01012
SAKHTISUG,INE623A01011
SAKSOFT,INE667G01015
SAKUMA,INE190H01024
SALASAR,INE170V01019
SALONA,INE498E01010
SALSTEEL,INE658G01014
SALZERELEC,INE457F01013
SAMBHAAV,INE699B01027
SANCO,INE782L01012
SANDESH,INE583B01015
SANDHAR,INE278H01035
SANGAMIND,INE495C01010
SANGHIIND,INE999B01013
SANGHVIMOV,INE989A01024
SANGINITA,INE753W01010
SANOFI,INE058A01010
SANWARIA,INE890C01046
SARDAEN,INE385C01013
SAREGAMA,INE979A01017
SARLAPOLY,INE453D01025
SARVESHWAR,INE324X01018
SASKEN,INE231F01020
SASTASUNDR,INE019J01013
SATHAISPAT,INE176C01016
SATIA,INE170E01023
SATIN,INE836B01017
SATINPP1,IN9836B01023
SBICARD,INE018E01016
SBIETFIT,INF200KA1S14
SBIETFPB,INF200KA1S22
SBIETFQLTY,INF200KA1WX6
SBILIFE,INE123W01016
SBIN,INE062A01020
SCAPDVR,INE224E01036
SCHAEFFLER,INE513A01014
SCHAND,INE807K01035
SCHNEIDER,INE839M01018
SCI,INE109A01011
SDBL,INE480C01020
SEAMECLTD,INE497B01018
SECL,INE00Y701018
SECURCRED,INE195Y01010
SECURKLOUD,INE650K01021
SELAN,INE818A01017
SEPOWER,INE735M01018
SEQUENT,INE807F01027
SESHAPAPER,INE630A01024
SETCO,INE878E01021
SETF10GILT,INF200KA1JT1
SETFGOLD,INF200K01099
SETFNIF50,INF200KA1FS1
SETFNIFBK,INF200KA1580
SETFNN50,INF200KA1598
SETUINFRA,INE023M01027
SEYAIND,INE573R01012
SFL,INE916U01025
SGBAPR28I,IN0020200062
SGBAUG24,IN0020160027
SGBAUG27,IN0020190107
SGBAUG28V,IN0020200161
SGBDC27VII,IN0020190461
SGBDEC25,IN0020170125
SGBDEC26,IN0020180389
SGBFEB24,IN0020150101
SGBFEB27,IN0020180561
SGBFEB28IX,IN0020190545
SGBFEB29XI,IN0020200393
SGBJ28VIII,IN0020190537
SGBJAN27,IN0020180462
SGBJAN29IX,IN0020200377
SGBJAN29X,IN0020200385
SGBJUL25,IN0020170034
SGBJUL27,IN0020190081
SGBJUL28IV,IN0020200146
SGBJUN27,IN0020190073
SGBJUN28,IN0020200104
SGBMAR24,IN0020150119
SGBMAR25,IN0020160126
SGBMAR28X,IN0020190552
SGBMAY25,IN0020170018
SGBMAY26,IN0020180033
SGBMAY28,IN0020200088
SGBMR29XII,IN0020200427
SGBN28VIII,IN0020200286
SGBNOV23,IN0020150085
SGBNOV24,IN0020160076
SGBNOV25VI,IN0020170083
SGBNOV26,IN0020180314
SGBOC28VII,IN0020200203
SGBOCT25,IN0020170059
SGBOCT25IV,IN0020170067
SGBOCT25V,IN0020170075
SGBOCT27,IN0020190370
SGBOCT27VI,IN0020190388
SGBSEP24,IN0020160043
SGBSEP27,IN0020190115
SGBSEP28VI,IN0020200195
SGL,INE353H01010
SHAHALLOYS,INE640C01011
SHAKTIPUMP,INE908D01010
SHALBY,INE597J01018
SHALPAINTS,INE849C01026
SHANKARA,INE274V01019
SHANTIGEAR,INE631A01022
SHARDACROP,INE221J01015
SHARDAMOTR,INE597I01028
SHAREINDIA,INE932X01018
SHARIABEES,INF732E01128
SHEMAROO,INE363M01019
SHIL,INE05AN01011
SHILPAMED,INE790G01031
SHIRPUR-G,INE196B01016
SHIVAMAUTO,INE637H01024
SHIVAMILLS,INE644Y01017
SHIVATEX,INE705C01020
SHK,INE500L01026
SHOPERSTOP,INE498B01024
SHRADHA,INE715Y01015
SHREDIGCEM,INE232A01011
SHREECEM,INE070A01015
SHREEPUSHK,INE712K01011
SHREERAMA,INE879A01019
SHRENIK,INE632X01030
SHREYANIND,INE231C01019
SHREYAS,INE757B01015
SHRIPISTON,INE526E01018
SHRIRAMCIT,INE722A01011
SHRIRAMEPC,INE964H01014
SHUBHLAXMI,INE01Z401013
SHYAMCENT,INE979R01011
SICAGEN,INE176J01011
SICAL,INE075B01012
SIDDHIKA,INE0A1E01018
SIEMENS,INE003A01024
SIGIND,INE529F01035
SIKKO,INE112X01017
SIL,INE173A01025
SILGO,INE01II01013
SILINV,INE923A01015
SILLYMONKS,INE203Y01012
SILVERTUC,INE625X01018
SIMBHALS,INE748T01016
SIMPLEXINF,INE059B01024
SINTERCOM,INE129Z01016
SINTEX,INE429C01035
SIRCA,INE792Z01011
SIS,INE285J01028
SITINET,INE965H01011
SIYSIL,INE076B01028
SJVN,INE002L01015
SKFINDIA,INE640A01023
SKIL,INE429F01012
SKIPPER,INE439E01022
SKMEGGPROD,INE411D01015
SMARTLINK,INE178C01020
SMCGLOBAL,INE103C01036
SMLISUZU,INE294B01019
SMPL,INE215G01021
SMSLIFE,INE320X01016
SMSPHARMA,INE812G01025
SMVD,INE702Y01013
SNOWMAN,INE734N01019
SOBHA,INE671H01015
SOFTTECH,INE728Z01015
SOLARA,INE624Z01016
SOLARINDS,INE343H01029
SOMANYCERA,INE355A01028
SOMATEX,INE314C01013
SOMICONVEY,INE323J01019
SONAMCLOCK,INE00LM01011
SONATSOFTW,INE269A01021
SORILINFRA,INE034H01016
SOTL,INE035D01012
SOUTHBANK,INE683A01023
SOUTHWEST,INE980Y01015
SPAL,INE212I01016
SPANDANA,INE572J01011
SPARC,INE232I01014
SPECIALITY,INE247M01014
SPECTRUM,INE01EO01010
SPENCERS,INE020801028
SPENTEX,INE376C01020
SPIC,INE147A01011
SPICEJET,INE285B01017
SPLIL,INE978G01016
SPMLINFRA,INE937A01023
SPTL,INE501W01021
SPYL,INE268L01020
SREEL,INE099F01013
SREIBNPNCD,INE881J07EN8
SREIBNPNCD,INE881J07EP3
SREIBNPNCD,INE881J08573
SREIBNPNCD,INE881J08581
SREIBNPNCD,INE881J08631
SREIBNPNCD,INE872A07UB7
SREIBNPNCD,INE872A07UJ0
SREIBNPNCD,INE872A07UQ5
SREIBNPNCD,INE872A08DI6
SREINFRA,INE872A01014
SRF,INE647A01010
SRHHYPOLTD,INE917H01012
SRIPIPES,INE943C01027
SRPL,INE008Z01012
SRTRANSFIN,INE721A01013
SRTRANSFIN,INE721A07HJ6
SRTRANSFIN,INE721A07HL2
SRTRANSFIN,INE721A07HO6
SRTRANSFIN,INE721A07NT3
SRTRANSFIN,INE721A07NV9
SRTRANSFIN,INE721A07NX5
SRTRANSFIN,INE721A07NY3
SRTRANSFIN,INE721A07NZ0
SRTRANSFIN,INE721A07OB9
SRTRANSFIN,INE721A07OD5
SRTRANSFIN,INE721A07OE3
SRTRANSFIN,INE721A07OF0
SRTRANSFIN,INE721A07OM6
SRTRANSFIN,INE721A07OO2
SRTRANSFIN,INE721A07OR5
SRTRANSFIN,INE721A07PB6
SRTRANSFIN,INE721A07PC4
SRTRANSFIN,INE721A07PD2
SRTRANSFIN,INE721A07PE0
SRTRANSFIN,INE721A07PL5
SSWL,INE802C01017
STAMPEDE,INE224E01028
STAR,INE939A01011
STARCEMENT,INE460H01021
STARPAPER,INE733A01018
STCINDIA,INE655A01013
STEELCITY,INE395H01011
STEELXIND,INE503B01013
STEL,INE577L01016
STERTOOLS,INE334A01023
STINDIA,INE090C01019
STLTECH,INE089C01029
STOVEKRAFT,INE00IN01015
SUBCAPCITY,INE845C01016
SUBEXLTD,INE754A01055
SUBROS,INE287B01021
SUDARSCHEM,INE659A01023
SUMEETINDS,INE235C01010
SUMICHEM,INE258G01013
SUMIT,INE748Z01013
SUMMITSEC,INE519C01017
SUNCLAYLTD,INE105A01035
SUNDARAM,INE108E01023
SUNDARMFIN,INE660A01013
SUNDARMHLD,INE202Z01029
SUNDRMBRAK,INE073D01013
SUNDRMFAST,INE387A01021
SUNFLAG,INE947A01014
SUNPHARMA,INE044A01036
SUNTECK,INE805D01034
SUNTV,INE424H01027
SUPERHOUSE,INE712B01010
SUPERSPIN,INE662A01027
SUPPETRO,INE663A01017
SUPRAJIT,INE399C01030
SUPREMEENG,INE319Z01013
SUPREMEIND,INE195A01028
SUPREMEINF,INE550H01011
SURANASOL,INE272L01022
SURANAT&P,INE130B01031
SURYALAXMI,INE713B01026
SURYAROSNI,INE335A01012
SURYODAY,INE428Q01011
SUTLEJTEX,INE645H01027
SUULD,INE591Q01016
SUVEN,INE495B01038
SUVENPHAR,INE03QK01018
SUVIDHAA,INE018401013
SUZLON,INE040H01021
SWANENERGY,INE665A01038
SWARAJENG,INE277A01016
SWELECTES,INE409B01013
SWSOLAR,INE00M201021
SYMPHONY,INE225D01027
SYNCOM,INE602K01014
SYNGENE,INE398R01022
TAINWALCHM,INE123C01018
TAJGVK,INE586B01026
TAKE,INE142I01023
TALBROAUTO,INE187D01011
TANLA,INE483C01032
TANTIACONS,INE388G01018
TARACHAND,INE555Z01012
TARAPUR,INE747K01017
TARC,INE0EK901012
TARMAT,INE924H01018
TASTYBITE,INE488B01017
TATACAPHSG,INE033L07GL1
TATACAPHSG,INE033L07GO5
TATACAPHSG,INE033L07GQ0
TATACAPHSG,INE033L07GU2
TATACAPHSG,INE033L08270
TATACHEM,INE092A01019
TATACOFFEE,INE493A01027
TATACOMM,INE151A01013
TATACONSUM,INE192A01025
TATAELXSI,INE670A01012
TATAINVEST,INE672A01018
TATAMETALI,INE056C01010
TATAMOTORS,INE155A01022
TATAMTRDVR,IN9155A01020
TATAPOWER,INE245A01021
TATASTEEL,INE081A01012
TATASTLBSL,INE824B01021
TATASTLLP,INE674A01014
TBZ,INE760L01018
TCFSL,INE306N07KD6
TCFSL,INE306N07KF1
TCFSL,INE306N08292
TCFSL,INE306N07LI3
TCFSL,INE306N07LK9
TCFSL,INE306N07LM5
TCI,INE688A01022
TCIDEVELOP,INE662L01016
TCIEXP,INE586V01016
TCIFINANCE,INE911B01018
TCNSBRANDS,INE778U01029
TCPLPACK,INE822C01015
TCS,INE467B01029
TDPOWERSYS,INE419M01019
TEAMLEASE,INE985S01024
TECHIN,INE778A01021
TECHM,INE669C01036
TECHNOE,INE285K01026
TECHNOFAB,INE509K01011
TEJASNET,INE010J01012
TEMBO,INE869Y01010
TERASOFT,INE482B01010
TEXINFRA,INE435C01024
TEXMOPIPES,INE141K01013
TEXRAIL,INE621L01012
TFCILTD,INE305A01015
TFL,INE804H01012
TGBHOTELS,INE797H01018
THANGAMAYL,INE085J01014
THEINVEST,INE924D01017
THEJO,INE121N01019
THEMISMED,INE083B01016
THERMAX,INE152A01029
THIRUSUGAR,INE409A01015
THOMASCOOK,INE332A01027
THOMASCOTT,INE480M01011
THYROCARE,INE594H01019
TI,INE133E01013
TIDEWATER,INE484C01022
TIIL,INE545H01011
TIINDIA,INE974X01010
TIJARIA,INE440L01017
TIL,INE806C01018
TIMESGTY,INE289C01025
TIMETECHNO,INE508G01029
TIMKEN,INE325A01013
TINPLATE,INE422C01014
TIPSINDLTD,INE716B01011
TIRUMALCHM,INE338A01024
TITAN,INE280A01028
TMRVL,INE759V01019
TNPETRO,INE148A01019
TNPL,INE107A01015
TNTELE,INE141D01018
TOKYOPLAST,INE932C01012
TORNTPHARM,INE685A01028
TORNTPOWER,INE813H01021
TOTAL,INE336X01012
TOUCHWOOD,INE486Y01013
TPLPLASTEH,INE413G01014
TREEHOUSE,INE040M01013
TREJHARA,INE00CA01015
TRENT,INE849A01020
TRF,INE391D01019
TRIDENT,INE064C01022
TRIGYN,INE948A01012
TRIL,INE763I01026
TRITURBINE,INE152M01016
TRIVENI,INE256C01024
TTKHLTCARE,INE910C01018
TTKPRESTIG,INE690A01010
TTL,INE592B01016
TTML,INE517B01013
TV18BRDCST,INE886H01027
TVSELECT,INE236G01019
TVSMOTOR,INE494B01023
TVSSRICHAK,INE421C01016
TVTODAY,INE038F01029
TVVISION,INE871L01013
TWL,INE615H01020
UBL,INE686F01025
UCALFUEL,INE139B01016
UCL,INE00NI01015
UCOBANK,INE691A01018
UFLEX,INE516A01017
UFO,INE527H01019
UGARSUGAR,INE071E01023
UJAAS,INE899L01022
UJJIVAN,INE334L01012
UJJIVANSFB,INE551W01018
ULTRACEMCO,INE481G01011
UMANGDAIRY,INE864B01027
UMESLTD,INE240C01028
UNICHEMLAB,INE351A01035
UNIDT,INE961D01019
UNIENTER,INE037A01022
UNIONBANK,INE692A01016
UNIPLY,INE950G01023
UNITECH,INE694A01020
UNITEDTEA,INE458F01011
UNITY,INE466H01028
UNIVASTU,INE562X01013
UNIVCABLES,INE279A01012
UNIVPHOTO,INE03V001013
UPL,INE628A01036
URJA,INE550C01020
URJAPP,IN9550C01010
USHAMART,INE228A01035
UTIAMC,INE094J01016
UTIBANKETF,INF789F1AUV1
UTINEXT50,INF789F1AUW9
UTINIFTETF,INF789FB1X41
UTISENSETF,INF789FB1X58
UTISXN50,INF789F1AUU3
UTTAMSTL,INE699A01011
UTTAMSUGAR,INE786F01031
V2RETAIL,INE945H01013
VADILALIND,INE694D01016
VAIBHAVGBL,INE884A01019
VAISHALI,INE972X01014
VAKRANGEE,INE051B01021
VALIANTORG,INE565V01010
VARDHACRLC,INE116G01013
VARDMNPOLY,INE835A01011
VARROC,INE665L01035
VASCONEQ,INE893I01013
VASWANI,INE590L01019
VBL,INE200M01013
VCL,INE098201010
VEDL,INE205A01025
VENKEYS,INE398A01010
VENUSREM,INE411B01019
VERTOZ,INE188Y01015
VESUVIUS,INE386A01015
VETO,INE918N01018
VGUARD,INE951I01027
VHL,INE701A01023
VICEROY,INE048C01017
VIDEOIND,INE703A01011
VIDHIING,INE632C01026
VIJIFIN,INE159N01027
VIKASECO,INE806A01020
VIKASMCORP,INE161L01027
VIKASPROP,INE767B01022
VIKASWSP,INE706A01022
VIMTALABS,INE579C01029
VINATIORGA,INE410B01037
VINDHYATEL,INE707A01012
VINYLINDIA,INE250B01029
VIPCLOTHNG,INE450G01024
VIPIND,INE054A01027
VIPULLTD,INE946H01037
VISAKAIND,INE392A01013
VISASTEEL,INE286H01012
VISESHINFO,INE861A01058
VISHAL,INE755Q01025
VISHNU,INE270I01014
VISHWARAJ,INE430N01014
VIVIDHA,INE370E01029
VIVIMEDLAB,INE526G01021
VLSFINANCE,INE709A01018
VMARCIND,INE0GXK01018
VMART,INE665J01013
VOLTAMP,INE540H01012
VOLTAS,INE226A01021
VRLLOG,INE366I01010
VSCL,INE551Q01028
VSSL,INE050M01012
VSTIND,INE710A01016
VSTTILLERS,INE764D01017
VTL,INE825A01012
WABAG,INE956G01038
WABCOINDIA,INE342J01019
WALCHANNAG,INE711A01022
WANBURY,INE107F01022
WATERBASE,INE054C01015
WEALTH,INE658T01017
WEBELSOLAR,INE855C01015
WEIZMANIND,INE080A01014
WELCORP,INE191B01025
WELENT,INE625G01013
WELINV,INE389K01018
WELSPUNIND,INE192B01031
WENDT,INE274C01019
WESTLIFE,INE274F01020
WHEELS,INE715A01015
WHIRLPOOL,INE716A01013
WILLAMAGOR,INE210A01017
WINDMACHIN,INE052A01021
WIPL,INE215F01023
WIPRO,INE075A01022
WOCKPHARMA,INE049B01025
WONDERLA,INE066O01014
WORTH,INE196Y01018
WSI,INE100D01014
WSTCSTPAPR,INE976A01021
XCHANGING,INE692G01013
XELPMOC,INE01P501012
XPROINDIA,INE445C01015
YAARII,INE126M01010
YESBANK,INE528G01035
ZEEL,INE256A01028
ZEEL,INE256A04022
ZEELEARN,INE565L01011
ZEEMEDIA,INE966H01019
ZENITHEXPO,INE058B01018
ZENITHSTL,INE318D01020
ZENSARTECH,INE520A01027
ZENTEC,INE251B01027
ZICOM,INE871B01014
ZODIACLOTH,INE206B01013
ZODJRDMKJ,INE077B01018
ZOTA,INE358U01012
ZUARI,INE840M01016
ZUARIGLOB,INE217A01012
ZYDUSWELL,INE768C01010